{"gradients/policy.backbone.0.weight":{"values":[2,1,0,0,1,1,0,0,1,1,2,0,0,0,0,0,0,0,1,0,2,2,0,0,0,0,0,2,0,0,1,1,0,0,0,2,0,1,5,1,3,3,3,4,3,4,10,21,10,11,5,6,2,3,5,1,1,1,1,1,1,0,1,1],"bins":[-0.08633436262607574,-0.08450161665678024,-0.08266887068748474,-0.08083612471818924,-0.07900337874889374,-0.07717063277959824,-0.07533788681030273,-0.07350514084100723,-0.07167239487171173,-0.06983964145183563,-0.06800689548254013,-0.06617414951324463,-0.06434140354394913,-0.06250865757465363,-0.060675911605358124,-0.05884316563606262,-0.05701041966676712,-0.05517767369747162,-0.05334492772817612,-0.051512181758880615,-0.049679435789585114,-0.04784668609499931,-0.04601394012570381,-0.04418119415640831,-0.04234844818711281,-0.040515702217817307,-0.038682956248521805,-0.0368502102792263,-0.0350174605846405,-0.033184714615345,-0.0313519686460495,-0.029519222676753998,-0.027686474844813347,-0.025853728875517845,-0.024020981043577194,-0.022188235074281693,-0.02035548910498619,-0.01852274313569069,-0.016689997166395187,-0.014857249334454536,-0.013024503365159035,-0.011191757395863533,-0.009359010495245457,-0.007526264060288668,-0.005693517625331879,-0.0038607711903750896,-0.0020280247554183006,-0.0001952783204615116,0.0016374681144952774,0.0034702145494520664,0.0053029609844088554,0.0071357074193656445,0.008968453854322433,0.010801199823617935,0.012633946724236012,0.014466693624854088,0.01629943959414959,0.01813218556344509,0.019964933395385742,0.021797679364681244,0.023630425333976746,0.025463171303272247,0.02729591727256775,0.0291286651045084,0.0309614110738039],"_type":"histogram"},"train/optimization/early_stop_epoch":10,"graph_0":{"path":"media/graph/graph_0_summary_bfcdf01e4336345b071f.graph.json","_type":"graph-file","sha256":"bfcdf01e4336345b071f2c84e5983c4385ea7c9716f53f5db9e47ec0899712d5","size":1715},"train/loss/value":6.653629121184348,"train/policy/state_value_correlation":-0.8709781244397163,"gradients/policy.backbone.3.bias":{"values":[1,1,0,0,0,0,0,0,1,1,0,0,0,0,0,0,0,1,0,0,0,1,2,0,0,0,0,1,1,2,1,0,0,0,0,3,1,0,1,1,3,1,3,1,3,3,2,2,3,4,0,5,0,2,0,3,3,0,1,1,0,2,2,1],"bins":[-0.0038676774129271507,-0.0037836625706404448,-0.003699647728353739,-0.003615632653236389,-0.003531617810949683,-0.0034476029686629772,-0.0033635881263762712,-0.0032795732840895653,-0.0031955582089722157,-0.0031115433666855097,-0.0030275285243988037,-0.0029435136821120977,-0.0028594988398253918,-0.002775483997538686,-0.002691468922421336,-0.00260745408013463,-0.0025234392378479242,-0.0024394243955612183,-0.0023554095532745123,-0.0022713944781571627,-0.0021873796358704567,-0.0021033647935837507,-0.0020193499512970448,-0.001935334992595017,-0.001851320150308311,-0.001767305308021605,-0.0016832903493195772,-0.0015992755070328712,-0.0015152606647461653,-0.0014312457060441375,-0.0013472308637574315,-0.0012632159050554037,-0.001179200946353376,-0.00109518610406667,-0.0010111711453646421,-0.0009271563030779362,-0.0008431414025835693,-0.0007591265020892024,-0.0006751116598024964,-0.0005910967593081295,-0.0005070818588137627,-0.0004230669583193958,-0.00033905208692885935,-0.0002550372155383229,-0.00017102231504395604,-8.700742910150439e-05,-2.9925431590527296e-06,8.102234278339893e-05,0.00016503722872585058,0.00024905212922021747,0.0003330670006107539,0.0004170818720012903,0.0005010967724956572,0.0005851116729900241,0.0006691265152767301,0.0007531414157710969,0.0008371563162654638,0.0009211712167598307,0.0010051861172541976,0.0010892009595409036,0.0011732159182429314,0.0012572307605296373,0.0013412456028163433,0.001425260561518371,0.001509275403805077],"_type":"histogram"},"train/optimization/total_epochs":10,"train/loss/policy":-0.20254823565483093,"train/loss/reported":12.445028866038603,"dev/loss/reported":12.300056008731618,"gradients/policy.backbone.0.bias":{"_type":"histogram","values":[1,1,0,0,0,0,0,0,1,0,0,0,1,1,1,0,1,0,0,1,1,1,4,1,0,2,2,2,1,5,1,2,4,1,3,3,3,1,1,1,1,0,2,1,0,3,0,2,1,0,0,1,1,0,0,0,0,1,0,2,0,0,1,1],"bins":[-0.0038073952309787273,-0.0036960316356271505,-0.0035846680402755737,-0.003473304444923997,-0.00336194084957242,-0.0032505772542208433,-0.0031392136588692665,-0.0030278500635176897,-0.002916486468166113,-0.0028051231056451797,-0.002693759510293603,-0.002582395914942026,-0.0024710323195904493,-0.0023596687242388725,-0.0022483051288872957,-0.002136941533535719,-0.002025577938184142,-0.0019142143428325653,-0.0018028507474809885,-0.0016914871521294117,-0.001580123556777835,-0.00146876007784158,-0.0013573964824900031,-0.0012460328871384263,-0.0011346692917868495,-0.0010233056964352727,-0.0009119421010836959,-0.00080057856393978,-0.0006892149685882032,-0.0005778513732366264,-0.00046648780698888004,-0.0003551242407411337,-0.00024376064538955688,-0.0001323970645898953,-2.103348379023373e-05,9.033009700942785e-05,0.00020169367780908942,0.00031305727316066623,0.0004244208394084126,0.0005357844056561589,0.0006471480010077357,0.0007585115963593125,0.0008698751917108893,0.0009812387870624661,0.0010926022659987211,0.001203965861350298,0.0013153294567018747,0.0014266930520534515,0.0015380566474050283,0.0016494202427566051,0.001760783838108182,0.0018721474334597588,0.0019835110288113356,0.0020948746241629124,0.002206238219514489,0.002317601814866066,0.002428965177386999,0.002540328772738576,0.0026516923680901527,0.0027630559634417295,0.0028744195587933064,0.002985783154144883,0.00309714674949646,0.0032085103448480368,0.0033198739401996136]},"gradients/policy.heads_layers.discrete.bias":{"bins":[-0.04246911779046059,-0.04103150963783264,-0.0395939014852047,-0.03815629333257675,-0.03671868517994881,-0.03528107702732086,-0.03384346887469292,-0.03240586072206497,-0.030968250706791878,-0.029530642554163933,-0.028093034401535988,-0.026655426248908043,-0.02521781623363495,-0.023780208081007004,-0.02234259992837906,-0.020904991775751114,-0.01946738362312317,-0.018029775470495224,-0.01659216731786728,-0.01515455823391676,-0.013716950081288815,-0.01227934192866087,-0.01084173284471035,-0.009404124692082405,-0.00796651653945446,-0.006528908386826515,-0.005091299768537283,-0.0036536913830786943,-0.0022160829976201057,-0.0007784746121615171,0.0006591337732970715,0.00209674215875566,0.003534354269504547,0.004971962422132492,0.006409571040421724,0.007847179658710957,0.009284787811338902,0.010722395963966846,0.012160005047917366,0.013597613200545311,0.015035221353173256,0.0164728295058012,0.017910437658429146,0.01934804581105709,0.020785655826330185,0.02222326397895813,0.023660872131586075,0.02509848028421402,0.026536088436841965,0.02797369658946991,0.029411304742097855,0.0308489128947258,0.032286521047353745,0.03372412919998169,0.035161737352609634,0.03659934550523758,0.03803695738315582,0.03947456553578377,0.04091217368841171,0.04234978184103966,0.0437873899936676,0.04522499814629555,0.04666260629892349,0.04810021445155144,0.04953782260417938],"_type":"histogram","values":[1,0,0,1,0,1,1,0,0,0,1,0,0,1,0,0,0,0,0,0,0,0,0,0,1,0,0,0,0,0,0,0,0,0,0,0,0,1,0,0,0,0,0,0,0,0,0,0,0,0,0,1,0,0,0,0,0,0,0,0,0,0,0,1]},"train/loss/total":13.70470458984375,"_step":28,"dev/loss/total":13.56139892578125,