{"train/policy/state_value_correlation":-0.7919595092535019,"gradients/value_net.backbone.3.bias":{"_type":"histogram","values":[1,0,0,0,1,0,1,1,0,1,0,2,0,1,0,0,0,1,0,1,0,0,1,1,0,0,1,3,4,1,1,0,3,1,2,2,3,3,0,2,2,4,2,1,2,1,1,1,2,1,2,0,1,1,0,0,0,3,0,1,0,0,0,1],"bins":[-0.013104725629091263,-0.012755537405610085,-0.012406348250806332,-0.012057159096002579,-0.0117079708725214,-0.011358782649040222,-0.01100959349423647,-0.010660404339432716,-0.010311216115951538,-0.00996202789247036,-0.009612838737666607,-0.009263649582862854,-0.008914461359381676,-0.008565273135900497,-0.008216083981096745,-0.007866894826292992,-0.007517706602811813,-0.007168517913669348,-0.006819329224526882,-0.006470140535384417,-0.006120951846241951,-0.005771763157099485,-0.00542257446795702,-0.005073385778814554,-0.004724197089672089,-0.004375008400529623,-0.0040258197113871574,-0.003676631022244692,-0.0033274423331022263,-0.0029782536439597607,-0.002629064954817295,-0.0022798762656748295,-0.001930687576532364,-0.0015814988873898983,-0.0012323101982474327,-0.0008831215091049671,-0.0005339328199625015,-0.00018474413082003593,0.00016444455832242966,0.0005136332474648952,0.0008628219366073608,0.0012120106257498264,0.001561199314892292,0.0019103880040347576,0.002259576693177223,0.002608765382319689,0.0029579540714621544,0.00330714276060462,0.0036563314497470856,0.004005520138889551,0.004354708828032017,0.004703897517174482,0.005053086206316948,0.0054022748954594135,0.005751463584601879,0.006100652273744345,0.00644984096288681,0.006799029652029276,0.0071482183411717415,0.007497407030314207,0.007846595719456673,0.008195783942937851,0.008544973097741604,0.008894162252545357,0.009243350476026535]},"_wandb":{"runtime":32},"gradients/value_net.backbone.0.weight":{"_type":"histogram","values":[1,0,0,0,0,0,0,1,0,0,0,0,0,0,0,0,2,0,0,0,0,2,0,2,1,3,1,2,0,2,1,1,3,3,1,3,4,3,16,12,11,9,8,6,1,3,5,2,3,3,1,2,2,0,1,1,1,0,1,1,1,0,1,1],"bins":[-0.07614943385124207,-0.07419972121715546,-0.07225001603364944,-0.07030030339956284,-0.06835059821605682,-0.06640088558197021,-0.0644511803984642,-0.0625014677643776,-0.060551758855581284,-0.05860204994678497,-0.05665234103798866,-0.05470263212919235,-0.05275292322039604,-0.05080321431159973,-0.04885350540280342,-0.04690379649400711,-0.0449540838599205,-0.04300437495112419,-0.04105466604232788,-0.03910495713353157,-0.03715524822473526,-0.03520553931593895,-0.03325583040714264,-0.03130612149834633,-0.02935641258955002,-0.02740670181810856,-0.025456992909312248,-0.023507284000515938,-0.021557575091719627,-0.019607866182923317,-0.017658155411481857,-0.015708446502685547,-0.013758737593889236,-0.011809028685092926,-0.009859318844974041,-0.00790960993617773,-0.005959900561720133,-0.004010191187262535,-0.002060482045635581,-0.00011077278759330511,0.0018389364704489708,0.0037886458449065685,0.005738355219364166,0.007688064128160477,0.009637773036956787,0.011587482877075672,0.013537191785871983,0.015486901625990868,0.017436610534787178,0.01938631944358349,0.0213360283523798,0.02328573912382126,0.02523544803261757,0.02718515694141388,0.02913486585021019,0.0310845747590065,0.03303428366780281,0.03498399257659912,0.03693370148539543,0.03888341411948204,0.04083312302827835,0.04278283193707466,0.04473254084587097,0.04668224975466728,0.04863195866346359]},"train/loss/reported":12.453074735753676,"_runtime":31.650593118,"gradients/policy.backbone.0.bias":{"_type":"histogram","values":[1,0,0,0,0,0,1,0,2,0,0,0,0,0,1,0,1,1,1,0,0,0,0,3,2,1,2,2,5,2,1,1,3,5,2,3,2,2,2,1,1,0,2,1,0,0,2,0,2,1,1,1,0,0,0,0,0,1,1,0,2,0,0,2],"bins":[-0.005046600475907326,-0.0049032787792384624,-0.004759957082569599,-0.004616635385900736,-0.0044733136892318726,-0.004329991992563009,-0.004186670295894146,-0.004043348599225283,-0.0039000266697257757,-0.0037567049730569124,-0.003613383276388049,-0.003470061579719186,-0.003326739650219679,-0.0031834179535508156,-0.0030400962568819523,-0.002896774560213089,-0.0027534528635442257,-0.0026101311668753624,-0.002466809470206499,-0.002323487773537636,-0.0021801660768687725,-0.0020368441473692656,-0.0018935224507004023,-0.001750200754031539,-0.0016068790573626757,-0.0014635573606938124,-0.001320235664024949,-0.001176913850940764,-0.0010335921542719007,-0.0008902704576030374,-0.0007469487027265131,-0.0006036269478499889,-0.00046030571684241295,-0.0003169839910697192,-0.00017366226529702544,-3.034053952433169e-05,0.00011298118624836206,0.0002563029120210558,0.00039962463779374957,0.0005429463926702738,0.0006862680893391371,0.0008295897860080004,0.0009729115408845246,0.0011162332957610488,0.001259554992429912,0.0014028766890987754,0.0015461985021829605,0.0016895201988518238,0.001832841895520687,0.0019761635921895504,0.0021194852888584137,0.002262806985527277,0.0024061286821961403,0.0025494506116956472,0.0026927723083645105,0.002836094005033374,0.002979415701702237,0.0031227373983711004,0.0032660590950399637,0.003409380791708827,0.003552702721208334,0.0036960244178771973,0.0038393461145460606,0.003982667811214924,0.004125989507883787]},"gradients/value_net.backbone.0.bias":{"values":[1,0,0,0,0,0,0,1,0,0,0,1,1,0,1,1,0,0,2,0,2,0,2,3,3,3,0,3,0,1,1,5,7,1,2,2,3,1,0,1,0,1,1,3,1,2,1,1,0,0,1,2,0,0,1,0,0,0,0,1,0,0,0,1],"bins":[-0.019369501620531082,-0.01879761926829815,-0.018225736916065216,-0.017653854563832283,-0.01708197221159935,-0.016510089859366417,-0.015938207507133484,-0.01536632515490055,-0.014794442802667618,-0.014222560450434685,-0.013650678098201752,-0.013078795745968819,-0.012506913393735886,-0.011935031041502953,-0.01136314868927002,-0.010791266337037086,-0.010219383984804153,-0.00964750163257122,-0.009075619280338287,-0.008503736928105354,-0.007931854575872421,-0.007359972223639488,-0.006788089871406555,-0.006216207519173622,-0.005644325166940689,-0.005072442814707756,-0.004500560462474823,-0.00392867811024189,-0.003356795758008957,-0.002784913405776024,-0.002213031053543091,-0.0016411487013101578,-0.0010692663490772247,-0.0004973839968442917,7.449835538864136e-05,0.0006463807076215744,0.0012182630598545074,0.0017901454120874405,0.0023620277643203735,0.0029339101165533066,0.0035057924687862396,0.004077674821019173,0.004649557173252106,0.005221439525485039,0.005793321877717972,0.006365204229950905,0.006937086582183838,0.007508968934416771,0.008080851286649704,0.008652733638882637,0.00922461599111557,0.009796498343348503,0.010368380695581436,0.01094026304781437,0.011512145400047302,0.012084027752280235,0.012655910104513168,0.013227792456746101,0.013799674808979034,0.014371557161211967,0.0149434395134449,0.015515321865677834,0.016087204217910767,0.0166590865701437,0.017230968922376633],"_type":"histogram"},"gradients/policy.heads_layers.discrete.weight":{"bins":[-0.1836397796869278,-0.1742871105670929,-0.1649344563484192,-0.1555817872285843,-0.1462291181087494,-0.13687646389007568,-0.12752379477024078,-0.11817113310098648,-0.10881847143173218,-0.09946580976247787,-0.09011314809322357,-0.08076047897338867,-0.07140781730413437,-0.062055155634880066,-0.052702490240335464,-0.04334982484579086,-0.03399716317653656,-0.024644499644637108,-0.015291836112737656,-0.005939172580838203,0.0034134909510612488,0.012766154482960701,0.022118818014860153,0.031471483409404755,0.04082414507865906,0.05017680674791336,0.05952947214245796,0.06888213753700256,0.07823479920625687,0.08758746087551117,0.09694012999534607,0.10629279166460037,0.11564546823501587,0.12499812990427017,0.13435079157352448,0.14370346069335938,0.15305611491203308,0.16240878403186798,0.17176145315170288,0.1811141073703766,0.1904667764902115,0.1998194456100464,0.2091720998287201,0.218524768948555,0.2278774380683899,0.2372300922870636,0.2465827614068985,0.2559354305267334,0.2652880847454071,0.2746407389640808,0.2839934229850769,0.2933460772037506,0.3026987314224243,0.3120514154434204,0.3214040696620941,0.3307567238807678,0.3401094079017639,0.3494620621204376,0.35881471633911133,0.36816737055778503,0.37752005457878113,0.38687270879745483,0.39622536301612854,0.40557804703712463,0.41493070125579834],"_type":"histogram",