{"_timestamp":1.7370470026287332e+09,"dev/loss/reported":12.953114229090074,"gradients/policy.heads_layers.discrete.bias":{"_type":"histogram","values":[1,0,0,0,0,0,0,0,0,0,0,0,0,0,1,0,0,1,1,0,0,0,0,0,1,1,0,1,0,0,0,0,0,0,0,0,0,1,0,0,0,0,0,0,0,0,1,0,0,0,0,0,0,0,0,0,0,0,0,0,0,0,0,1],"bins":[-0.06901876628398895,-0.06736160069704056,-0.06570443511009216,-0.06404727697372437,-0.06239011138677597,-0.060732945799827576,-0.05907578393816948,-0.057418618351221085,-0.05576145648956299,-0.054104290902614594,-0.0524471253156662,-0.0507899634540081,-0.04913279786705971,-0.04747563600540161,-0.04581847041845322,-0.04416130855679512,-0.042504142969846725,-0.04084697738289833,-0.039189815521240234,-0.03753264993429184,-0.03587548807263374,-0.03421832248568535,-0.03256116062402725,-0.030903995037078857,-0.029246831312775612,-0.027589667588472366,-0.02593250386416912,-0.024275340139865875,-0.02261817455291748,-0.020961010828614235,-0.01930384710431099,-0.017646683380007744,-0.015989523380994797,-0.014332359656691551,-0.012675195932388306,-0.011018031276762486,-0.00936086755245924,-0.007703703828155994,-0.0060465396381914616,-0.004389375448226929,-0.002732211723923683,-0.001075047766789794,0.0005821161903440952,0.0022392801474779844,0.0038964441046118736,0.005553607828915119,0.007210772018879652,0.008867936208844185,0.01052509993314743,0.012182263657450676,0.013839427381753922,0.015496592037379742,0.017153754830360413,0.018810920417308807,0.020468084141612053,0.0221252478659153,0.023782411590218544,0.02543957531452179,0.027096739038825035,0.02875390276312828,0.030411068350076675,0.03206823021173477,0.033725395798683167,0.03538255766034126,0.03703972324728966]},"gradients/policy.backbone.3.weight":{"_type":"histogram","values":[1,0,1,1,2,2,4,2,13,7,4,8,4,6,11,4,11,7,9,8,8,7,20,26,30,42,30,54,43,37,49,50,65,77,90,67,66,130,265,331,598,949,328,236,176,104,57,37,8,0,4,1,1,0,1,1,0,0,0,1,0,1,0,1],"bins":[-0.018334871158003807,-0.017889944836497307,-0.017445020377635956,-0.017000094056129456,-0.016555167734622955,-0.016110243275761604,-0.015665316954255104,-0.015220390632748604,-0.014775465242564678,-0.014330539852380753,-0.013885613530874252,-0.013440688140690327,-0.012995762750506401,-0.0125508364289999,-0.012105911038815975,-0.011660984717309475,-0.01121605932712555,-0.010771133936941624,-0.010326207615435123,-0.009881282225251198,-0.009436355903744698,-0.008991430513560772,-0.008546505123376846,-0.008101578801870346,-0.0076566534116864204,-0.0072117275558412075,-0.006766801699995995,-0.006321876309812069,-0.005876950453966856,-0.005432024598121643,-0.0049870992079377174,-0.0045421733520925045,-0.004097248427569866,-0.0036523225717246532,-0.003207396948710084,-0.0027624713256955147,-0.0023175454698503017,-0.0018726197304204106,-0.0014276939909905195,-0.0009827682515606284,-0.0005378425121307373,-9.29167727008462e-05,0.0003520089667290449,0.000796934706158936,0.0012418604455888271,0.0016867861850187182,0.0021317119244486094,0.0025766375474631786,0.0030215634033083916,0.0034664892591536045,0.0039114151149988174,0.004356340505182743,0.004801266361027956,0.005246192216873169,0.005691117607057095,0.0061360434629023075,0.0065809693187475204,0.007025895174592733,0.007470821030437946,0.007915746420621872,0.008360672742128372,0.008805598132312298,0.009250523522496223,0.009695449844002724,0.01014037523418665]},"gradients/policy.backbone.3.bias":{"bins":[-0.0030017378740012646,-0.00292720808647573,-0.002852678531780839,-0.0027781487442553043,-0.0027036189567297697,-0.0026290894020348787,-0.002554559614509344,-0.0024800298269838095,-0.0024055002722889185,-0.002330970484763384,-0.0022564406972378492,-0.0021819111425429583,-0.0021073813550174236,-0.002032851567491889,-0.001958322012796998,-0.0018837922252714634,-0.0018092625541612506,-0.0017347328830510378,-0.0016602030955255032,-0.0015856734244152904,-0.0015111437533050776,-0.001436613965779543,-0.0013620842946693301,-0.0012875546235591173,-0.0012130248360335827,-0.0011384951649233699,-0.001063965493813157,-0.0009894358227029443,-0.0009149060351774096,-0.0008403763640671968,-0.0007658466347493231,-0.0006913169636391103,-0.0006167871179059148,-0.0005422573885880411,-0.00046772771747782826,-0.00039319798815995455,-0.0003186682879459113,-0.00024413858773186803,-0.00016960887296590954,-9.507916547590867e-05,-2.0549457985907793e-05,5.398024950409308e-05,0.00012850995699409395,0.00020303967176005244,0.0002775693719740957,0.00035209907218813896,0.0004266288015060127,0.0005011584726162255,0.0005756882019340992,0.0006502179312519729,0.0007247476023621857,0.0007992773316800594,0.0008738070027902722,0.000948336732108146,0.0010228664614260197,0.0010973961325362325,0.0011719258036464453,0.00124645559117198,0.0013209852622821927,0.0013955149333924055,0.0014700447209179401,0.001544574392028153,0.0016191040631383657,0.0016936338506639004,0.0017681635217741132],"_type":"histogram","values":[1,0,0,0,0,1,1,1,1,0,0,1,0,0,1,0,3,1,0,1,0,0,0,1,2,1,1,3,0,0,0,1,0,0,1,0,0,1,3,0,4,4,4,0,0,0,1,0,0,1,2,1,4,4,3,1,5,2,0,1,0,0,0,1]},"train/policy/approx_kl":0.0004756865237141028,"train/loss/reported":13.217816521139707,"train/policy/state_value_correlation":-0.7324958816170692,"gradients/value_net.head.weight":{"_type":"histogram","values":[1,0,0,0,0,0,0,0,1,0,0,0,2,0,1,0,1,1,1,1,1,0,1,1,4,0,1,2,2,1,2,1,2,2,5,2,0,2,2,5,4,0,3,3,0,1,0,0,0,0,2,0,0,1,0,0,2,0,0,0,1,1,0,1],"bins":[-0.18636317551136017,-0.18237797915935516,-0.17839276790618896,-0.17440757155418396,-0.17042237520217896,-0.16643716394901276,-0.16245196759700775,-0.15846677124500275,-0.15448155999183655,-0.15049636363983154,-0.14651116728782654,-0.14252595603466034,-0.13854075968265533,-0.13455556333065033,-0.13057035207748413,-0.12658515572547913,-0.12259995192289352,-0.11861474812030792,-0.11462955176830292,-0.11064434796571732,-0.10665914416313171,-0.10267394781112671,-0.09868874400854111,-0.0947035402059555,-0.0907183438539505,-0.0867331400513649,-0.0827479362487793,-0.0787627324461937,-0.07477753609418869,-0.07079233229160309,-0.06680712848901749,-0.06282193213701248,-0.05883672088384628,-0.05485152080655098,-0.05086631700396538,-0.046881116926670074,-0.04289591312408447,-0.03891071304678917,-0.034925512969493866,-0.030940311029553413,-0.02695510908961296,-0.022969907149672508,-0.018984705209732056,-0.014999505132436752,-0.0110143031924963,-0.0070291017182171345,-0.003043900243937969,0.0009413012303411961,0.004926502704620361,0.008911704644560814,0.012896905653178692,0.01688210666179657,0.020867308601737022,0.024852510541677475,0.02883771061897278,0.03282291442155838,0.036808114498853683,0.04079331457614899,0.04477851837873459,0.04876371845602989,0.052748918533325195,0.0567341223359108,0.0607193224132061,0.0647045224905014,0.068689726293087]},"dev/loss/total":14.10018798828125,"gradients/value_net.backbone.3.weight":{"values":[1,0,0,0,0,0,0,0,0,2,1,2,2,2,2,2,3,5,15,16,23,32,47,62,65,82,129,251,454,1195,641,314,194,151,109,60,45,56,31,24,14,16,14,11,4,3,3,4,3,1,1,1,1,0,0,0,0,0,0,0,0,0,0,2],