{"train/loss/total":14.04914794921875,"train/optimization/early_stop_epoch":10,"gradients/value_net.backbone.0.bias":{"bins":[-0.014401210471987724,-0.013723489828407764,-0.013045769184827805,-0.012368048541247845,-0.011690327897667885,-0.0110126081854105,-0.01033488754183054,-0.00965716689825058,-0.00897944625467062,-0.00830172561109066,-0.0076240049675107,-0.006946284789592028,-0.006268564146012068,-0.005590843502432108,-0.004913123324513435,-0.0042354026809334755,-0.0035576820373535156,-0.0028799613937735558,-0.0022022409830242395,-0.0015245204558596015,-0.0008467999286949635,-0.0001690794015303254,0.0005086411256343126,0.0011863616527989507,0.0018640821799635887,0.0025418028235435486,0.003219523234292865,0.003897243645042181,0.004574964288622141,0.005252684932202101,0.005930405110120773,0.006608125753700733,0.007285848259925842,0.007963568903505802,0.008641289547085762,0.009319010190665722,0.009996730834245682,0.010674450546503067,0.011352171190083027,0.012029891833662987,0.012707612477242947,0.013385333120822906,0.014063053764402866,0.014740774407982826,0.015418494120240211,0.016096215695142746,0.01677393540740013,0.017451656982302666,0.01812937669456005,0.018807096406817436,0.01948481798171997,0.020162537693977356,0.02084025926887989,0.021517978981137276,0.02219570055603981,0.022873420268297195,0.02355113998055458,0.024228861555457115,0.0249065812677145,0.025584302842617035,0.02626202255487442,0.026939744129776955,0.02761746384203434,0.028295185416936874,0.02897290512919426],"_type":"histogram","values":[2,0,0,1,2,0,3,1,1,1,0,0,1,0,3,1,0,2,0,1,2,2,5,2,1,1,8,1,2,0,2,2,0,3,3,3,2,1,0,0,1,0,1,1,0,0,0,0,0,1,0,0,0,0,0,0,0,0,0,0,0,0,0,1]},"_wandb":{"runtime":29},"dev/loss/reported":12.90350341796875,"train/optimization/total_epochs":10,"train/loss/value":7.500055089592934,"_step":28,"train/policy/clipfrac":1.9531249563442543e-05,"gradients/policy.heads_layers.discrete.weight":{"bins":[-0.16346237063407898,-0.15135815739631653,-0.13925395905971527,-0.127149760723114,-0.11504554748535156,-0.10294134169816971,-0.09083713591098785,-0.078732930123806,-0.06662872433662415,-0.05452451854944229,-0.04242031276226044,-0.030316106975078583,-0.01821190118789673,-0.006107695400714874,0.00599651038646698,0.018100716173648834,0.03020492196083069,0.04230912774801254,0.0544133335351944,0.06651753932237625,0.0786217451095581,0.09072595089673996,0.10283015668392181,0.11493436247110367,0.12703856825828552,0.13914278149604797,0.15124697983264923,0.1633511781692505,0.17545539140701294,0.1875596046447754,0.19966380298137665,0.2117680013179779,0.22387224435806274,0.2359764575958252,0.24808065593242645,0.2601848542690277,0.27228906750679016,0.2843932807445526,0.2964974641799927,0.3086016774177551,0.3207058906555176,0.33281010389328003,0.3449143171310425,0.35701850056648254,0.369122713804245,0.38122692704200745,0.3933311104774475,0.40543532371520996,0.4175395369529724,0.42964375019073486,0.4417479634284973,0.4538521468639374,0.46595636010169983,0.4780605733394623,0.49016475677490234,0.5022689700126648,0.5143731832504272,0.5264773964881897,0.5385816097259521,0.5506858229637146,0.562790036201477,0.5748941898345947,0.5869984030723572,0.5991026163101196,0.6112068295478821],"_type":"histogram","values":[2,3,1,4,4,8,10,10,11,23,36,28,18,38,39,92,33,32,44,14,19,22,12,15,13,15,14,9,10,5,5,6,3,6,2,4,4,2,1,4,1,2,1,2,2,1,2,1,2,0,0,0,0,2,1,0,1,0,0,0,0,0,0,1]},"train/loss/entropy":2.301349103450775,"train/policy/explained_var":-0.014021053910255432,"_runtime":29.683911453,"dev/loss/total":14.01223876953125,"gradients/value_net.backbone.3.bias":{"_type":"histogram","values":[1,0,0,0,0,0,0,0,0,0,0,0,0,1,0,0,0,0,1,0,0,0,0,1,0,0,1,1,1,0,2,1,3,0,1,2,1,4,5,0,0,4,1,4,4,4,1,3,1,3,3,2,0,1,0,2,1,1,1,0,0,0,1,1],"bins":[-0.027216732501983643,-0.02658585086464882,-0.025954969227313995,-0.025324087589979172,-0.024693205952644348,-0.024062324315309525,-0.0234314426779747,-0.022800561040639877,-0.022169679403305054,-0.02153879962861538,-0.020907917991280556,-0.020277036353945732,-0.01964615471661091,-0.019015273079276085,-0.01838439144194126,-0.017753509804606438,-0.017122628167271614,-0.01649174652993679,-0.015860864892601967,-0.015229983255267143,-0.01459910161793232,-0.01396822091192007,-0.013337339274585247,-0.012706457637250423,-0.0120755759999156,-0.011444694362580776,-0.010813812725245953,-0.010182931087911129,-0.00955205038189888,-0.008921168744564056,-0.008290287107229233,-0.007659405469894409,-0.007028521969914436,-0.006397640332579613,-0.005766758695244789,-0.005135877523571253,-0.004504995886236429,-0.0038741142489016056,-0.0032432328443974257,-0.0026123514398932457,-0.001981469802558422,-0.0013505882816389203,-0.0007197067607194185,-8.882523979991674e-05,0.000542056281119585,0.0011729378020390868,0.0018038193229585886,0.0024347007274627686,0.003065582364797592,0.0036964640021324158,0.004327345639467239,0.004958226811140776,0.005589108448475599,0.006219990085810423,0.006850871257483959,0.007481752894818783,0.008112634532153606,0.00874351616948843,0.009374397806823254,0.010005279444158077,0.010636160150170326,0.01126704178750515,0.011897923424839973,0.012528805062174797,0.01315968669950962]},"gradients/policy.backbone.3.weight":{"values":[1,0,0,1,0,0,1,0,0,0,0,1,1,0,0,1,1,2,2,6,9,9,9,12,12,21,20,29,26,23,28,26,44,45,40,42,42,51,54,49,44,39,55,95,89,80,77,160,201,207,799,693,281,220,134,97,85,49,31,30,17,2,2,1],"bins":[-0.035194963216781616,-0.03450440242886543,-0.03381384164094925,-0.033123280853033066,-0.03243272006511688,-0.0317421592772007,-0.031051596626639366,-0.030361035838723183,-0.029670475050807,-0.028979914262890816,-0.028289353474974632,-0.02759879268705845,-0.026908231899142265,-0.026217671111226082,-0.0255271103233099,-0.024836549535393715,-0.024145986884832382,-0.0234554260969162,-0.022764865309000015,-0.022074304521083832,-0.02138374373316765,-0.020693182945251465,-0.02000262215733528,-0.019312061369419098,-0.018621500581502914,-0.01793093979358673,-0.017240379005670547,-0.016549816355109215,-0.01585925556719303,-0.015168695710599422,-0.014478133991360664,-0.013787573203444481,-0.013097013346850872,-0.012406452558934689,-0.011715891771018505,-0.011025330051779747,-0.010334769263863564,-0.00964420847594738,-0.008953647688031197,-0.008263086900115013,-0.007572525646537542,-0.006881964858621359,-0.006191403605043888,-0.005500842817127705,-0.004810282029211521,-0.00411972077563405,-0.003429159987717867,-0.0027385989669710398,-0.0020480379462242126,-0.0013574769254773855,-0.0006669160211458802,2.364494139328599e-05,0.0007142059039324522,0.0014047669246792793,0.002095327712595463,0.00278588873334229,0.003476449754089117,0.0041670105420053005,0.004857571795582771,0.005548132583498955,0.006238693371415138,0.006929254624992609,0.0076198154129087925,0.008310376666486263,0.009000937454402447],"_type":"histogram"},"gradients/policy.backbone.3.bias":{"values":[1,0,0,1,0,2,1,0,1,0,2,3,1,0,1,0,0,0,1,0,0,1,0,0,0,0,0,0,0,1,0,0,2,0,2,0,3,3,4,2,2,1,1,2,1,0,0,0,0,0,1,1,1,0,0,1,0,2,3,4,5,3,1,3],