{"_runtime":25.339871517,"gradients/value_net.backbone.3.bias":{"_type":"histogram","values":[1,1,0,0,0,0,0,1,1,2,0,1,0,1,0,1,1,0,1,1,1,2,0,2,1,1,3,3,4,1,2,2,1,5,1,2,2,4,4,1,1,1,1,1,0,1,0,0,0,0,1,1,0,0,0,0,1,1,0,0,0,0,0,1],"bins":[-0.022835826501250267,-0.02215725928544998,-0.021478692069649696,-0.02080012485384941,-0.020121559500694275,-0.01944299228489399,-0.018764425069093704,-0.01808585785329342,-0.017407290637493134,-0.016728723421692848,-0.016050156205892563,-0.015371589921414852,-0.014693022705614567,-0.014014455489814281,-0.01333588920533657,-0.012657321989536285,-0.011978754773736,-0.011300187557935715,-0.01062162034213543,-0.009943054057657719,-0.009264486841857433,-0.008585919626057148,-0.007907353341579437,-0.007228786125779152,-0.006550218909978867,-0.005871651694178581,-0.005193084944039583,-0.004514518193900585,-0.0038359509781003,-0.003157383995130658,-0.0024788170121610165,-0.0018002500291913748,-0.0011216811835765839,-0.0004431142006069422,0.0002354527823626995,0.0009140197653323412,0.0015925867483019829,0.0022711537312716246,0.0029497207142412663,0.003628287697210908,0.00430685468018055,0.004985421895980835,0.005663988646119833,0.006342555396258831,0.007021122612059116,0.007699689827859402,0.008378256112337112,0.009056823328137398,0.009735390543937683,0.010413957759737968,0.011092524975538254,0.011771091260015965,0.01244965847581625,0.013128225691616535,0.013806791976094246,0.014485359191894531,0.015163926407694817,0.015842493623495102,0.016521060839295387,0.017199628055095673,0.01787819340825081,0.018556760624051094,0.01923532783985138,0.019913895055651665,0.02059246227145195]},"_step":27,"gradients/policy.backbone.3.bias":{"bins":[-0.003812722396105528,-0.0037259345408529043,-0.0036391466856002808,-0.003552358830347657,-0.0034655709750950336,-0.00337878311984241,-0.0032919952645897865,-0.003205207409337163,-0.0031184195540845394,-0.003031631698831916,-0.0029448438435792923,-0.0028580559883266687,-0.002771268133074045,-0.0026844802778214216,-0.002597692422568798,-0.0025109045673161745,-0.002424116712063551,-0.0023373288568109274,-0.002250541001558304,-0.0021637531463056803,-0.0020769652910530567,-0.001990177435800433,-0.0019033895805478096,-0.001816601725295186,-0.0017298138700425625,-0.001643026014789939,-0.0015562381595373154,-0.0014694503042846918,-0.0013826624490320683,-0.0012958745937794447,-0.0012090867385268211,-0.0011222988832741976,-0.0010355109116062522,-0.0009487230563536286,-0.0008619352011010051,-0.0007751473458483815,-0.000688359490595758,-0.0006015716353431344,-0.0005147837800905108,-0.0004279959248378873,-0.00034120806958526373,-0.00025442021433264017,-0.0001676323590800166,-8.084450382739305e-05,5.943351425230503e-06,9.273120667785406e-05,0.00017951906193047762,0.0002663069171831012,0.00035309477243572474,0.0004398826276883483,0.0005266704829409719,0.0006134583381935954,0.000700246193446219,0.0007870340486988425,0.0008738219039514661,0.0009606097592040896,0.0010473976144567132,0.0011341854697093368,0.0012209733249619603,0.0013077611802145839,0.0013945490354672074,0.001481336890719831,0.0015681247459724545,0.001654912601225078,0.0017417004564777017],"_type":"histogram","values":[1,0,2,0,1,0,1,1,0,0,2,1,1,0,2,1,0,0,0,0,1,0,0,0,0,0,0,0,0,0,0,0,0,0,0,0,0,0,0,1,2,5,0,1,4,2,3,0,1,0,1,1,0,0,1,1,3,3,1,3,6,5,4,2]},"gradients/policy.backbone.0.bias":{"_type":"histogram","values":[2,0,1,0,2,0,0,0,1,1,1,0,0,1,0,0,1,2,0,0,2,7,3,4,6,5,0,2,5,0,0,1,1,1,1,1,0,0,1,1,2,2,0,0,1,1,1,1,1,0,0,0,0,0,0,0,0,0,0,0,0,0,1,1],"bins":[-0.0037914493586868048,-0.003624845063313842,-0.003458240535110235,-0.0032916362397372723,-0.0031250317115336657,-0.0029584274161607027,-0.002791822887957096,-0.002625218592584133,-0.00245861429721117,-0.0022920097690075636,-0.0021254054736346006,-0.001958800945430994,-0.001792196650058031,-0.0016255922382697463,-0.0014589878264814615,-0.0012923834146931767,-0.001125779002904892,-0.0009591745911166072,-0.0007925701793283224,-0.0006259658257476985,-0.00045936141395941377,-0.000292757002171129,-0.00012615261948667467,4.0451777749694884e-05,0.00020705617498606443,0.0003736605867743492,0.000540264998562634,0.0007068693521432579,0.0008734737639315426,0.0010400781175121665,0.0012066825293004513,0.001373286941088736,0.0015398911200463772,0.001706495531834662,0.0018730999436229467,0.0020397042389959097,0.0022063087671995163,0.0023729130625724792,0.002539517590776086,0.002706121886149049,0.0028727264143526554,0.0030393307097256184,0.0032059350050985813,0.003372539533302188,0.003539143828675151,0.0037057483568787575,0.0038723526522517204,0.004038956947624683,0.004205561242997646,0.004372166004031897,0.0045387702994048595,0.0047053745947778225,0.0048719788901507854,0.005038583651185036,0.005205187946557999,0.005371792241930962,0.0055383965373039246,0.0057050008326768875,0.005871605593711138,0.006038209889084101,0.006204814184457064,0.006371418479830027,0.006538023240864277,0.00670462753623724,0.006871231831610203]},"train/loss/entropy":2.3009068071842194,"gradients/policy.heads_layers.discrete.bias":{"_type":"histogram","values":[1,0,0,0,0,0,0,0,0,0,0,0,0,0,1,0,0,0,0,1,1,0,0,0,0,0,1,1,0,0,0,1,1,0,0,0,0,0,0,0,1,0,0,0,0,0,0,0,0,0,0,0,0,0,0,0,0,0,0,0,0,0,0,1],"bins":[-0.06439333409070969,-0.06275536119937897,-0.06111738458275795,-0.05947941169142723,-0.05784143507480621,-0.056203462183475494,-0.05456548556685448,-0.05292751267552376,-0.05128953605890274,-0.04965156316757202,-0.048013586550951004,-0.046375613659620285,-0.04473763704299927,-0.04309966415166855,-0.04146168753504753,-0.03982371464371681,-0.038185738027095795,-0.036547765135765076,-0.03490979224443436,-0.03327181562781334,-0.03163384273648262,-0.029995866119861603,-0.028357891365885735,-0.026719916611909866,-0.025081943720579147,-0.02344396896660328,-0.02180599421262741,-0.020168019458651543,-0.018530044704675674,-0.016892069950699806,-0.015254095196723938,-0.01361612044274807,-0.011978145688772202,-0.010340170934796333,-0.008702196180820465,-0.007064221892505884,-0.005426247138530016,-0.0037882723845541477,-0.002150297863408923,-0.0005123232258483768,0.0011256514117121696,0.002763626165688038,0.004401600919663906,0.006039575207978487,0.007677549961954355,0.009315524250268936,0.010953499004244804,0.012591473758220673,0.01422944851219654,0.01586742326617241,0.017505398020148277,0.019143372774124146,0.020781347528100014,0.022419322282075882,0.02405729703605175,0.02569527179002762,0.027333244681358337,0.028971219435334206,0.030609194189310074,0.03224717080593109,0.03388514369726181,0.03552312031388283,0.03716109320521355,0.038799069821834564,0.04043704271316528]},"train/loss/total":13.927724609375,"train/optimization/total_epochs":10,"gradients/policy.heads_layers.discrete.weight":{"values":[1,0,1,0,0,2,3,3,9,12,24,35,22,24,24,44,57,71,27,34,27,13,24,16,19,23,11,12,9,11,10,6,10,10,4,6,6,2,4,3,2,4,2,2,1,0,2,2,0,2,0,0,0,0,2,0,0,0,1,0,0,0,0,1],