{"gradients/policy.backbone.3.bias":{"bins":[-0.006521979346871376,-0.006370106246322393,-0.0062182326801121235,-0.006066359579563141,-0.005914486013352871,-0.005762612912803888,-0.005610739346593618,-0.005458866246044636,-0.005306992679834366,-0.005155119579285383,-0.005003246478736401,-0.004851372912526131,-0.004699499811977148,-0.004547626245766878,-0.0043957531452178955,-0.004243879579007626,-0.004092006478458643,-0.00394013337790966,-0.0037882598116993904,-0.003636386478319764,-0.003484513144940138,-0.0033326400443911552,-0.003180766711011529,-0.0030288933776319027,-0.0028770200442522764,-0.00272514671087265,-0.002573273377493024,-0.0024214000441133976,-0.002269526943564415,-0.0021176536101847887,-0.0019657802768051624,-0.0018139069434255362,-0.0016620333772152662,-0.00151016004383564,-0.0013582867104560137,-0.0012064134934917092,-0.001054540160112083,-0.0009026668267324567,-0.0007507935515604913,-0.000598920276388526,-0.0004470469430088997,-0.00029517363873310387,-0.00014330033445730805,8.572969818487763e-06,0.00016044627409428358,0.0003123195783700794,0.0004641928826458752,0.0006160661578178406,0.0007679394911974669,0.0009198128245770931,0.0010716861579567194,0.0012235593749210238,0.0013754327083006501,0.0015273060416802764,0.0016791792586445808,0.0018310525920242071,0.0019829259254038334,0.0021347992587834597,0.002286672592163086,0.002438545925542712,0.0025904192589223385,0.002742292359471321,0.0028941656928509474,0.0030460390262305737,0.0031979123596102],"_type":"histogram","values":[1,1,1,0,1,1,0,1,1,4,0,1,2,2,1,1,1,0,1,0,0,0,1,0,0,1,0,0,0,0,0,0,0,1,0,1,0,0,0,4,5,2,1,6,1,1,2,1,1,1,2,2,1,1,1,1,0,1,0,1,0,1,2,2]},"_wandb":{"runtime":35},"dev/loss/reported":12.465892118566176,"gradients/value_net.backbone.0.bias":{"bins":[-0.025470955297350883,-0.024502843618392944,-0.023534731939435005,-0.022566620260477066,-0.021598508581519127,-0.020630396902561188,-0.01966228522360325,-0.01869417354464531,-0.01772606000304222,-0.016757948324084282,-0.015789836645126343,-0.014821725897490978,-0.013853613287210464,-0.012885501608252525,-0.011917389929294586,-0.010949278250336647,-0.009981166571378708,-0.009013054892420769,-0.00804494321346283,-0.007076831068843603,-0.006108719389885664,-0.005140607710927725,-0.004172495566308498,-0.0032043838873505592,-0.00223627220839262,-0.0012681604130193591,-0.00030004861764609814,0.0006680631777271628,0.0016361749731004238,0.002604286652058363,0.0035723985638469458,0.0045405104756355286,0.0055086202919483185,0.006476731970906258,0.007444843649864197,0.008412955328822136,0.009381067007780075,0.010349179618060589,0.011317291297018528,0.012285402975976467,0.013253514654934406,0.014221626333892345,0.015189738012850285,0.0161578506231308,0.017125962302088737,0.018094073981046677,0.019062185660004616,0.020030297338962555,0.020998409017920494,0.021966520696878433,0.022934632375836372,0.02390274405479431,0.02487085573375225,0.02583896741271019,0.02680707909166813,0.027775190770626068,0.028743304312229156,0.029711415991187096,0.030679527670145035,0.031647637486457825,0.03261575102806091,0.0335838608443737,0.03455197438597679,0.03552008420228958,0.03648819774389267],"_type":"histogram","values":[1,0,0,1,0,1,1,0,1,0,1,3,0,1,0,1,1,2,1,3,1,2,3,1,3,2,5,0,2,1,1,2,4,2,1,3,2,2,1,0,0,0,0,1,2,1,0,1,1,0,0,0,0,0,1,0,0,0,0,0,0,0,0,1]},"gradients/policy.heads_layers.discrete.bias":{"_type":"histogram","values":[1,1,0,1,0,0,0,0,1,1,0,0,0,0,0,0,0,0,0,0,2,0,0,1,0,0,0,0,0,0,0,0,0,0,0,0,0,0,0,0,0,0,0,0,0,0,0,0,0,0,0,0,0,0,1,0,0,0,0,0,0,0,0,1],"bins":[-0.04703634977340698,-0.04586087167263031,-0.044685397297143936,-0.043509919196367264,-0.04233444109559059,-0.04115896672010422,-0.039983488619327545,-0.03880801051855087,-0.0376325361430645,-0.03645705804228783,-0.035281579941511154,-0.03410610556602478,-0.03293062746524811,-0.031755149364471436,-0.03057967498898506,-0.02940419688820839,-0.028228720650076866,-0.027053244411945343,-0.02587776631116867,-0.024702290073037148,-0.023526813834905624,-0.022351335734128952,-0.02117585949599743,-0.020000383257865906,-0.018824905157089233,-0.01764942891895771,-0.016473952680826187,-0.01529847551137209,-0.014122998341917992,-0.012947522103786469,-0.01177204493433237,-0.010596568696200848,-0.00942109152674675,-0.008245614357292652,-0.007070138119161129,-0.005894660949707031,-0.004719184245914221,-0.0035437075421214104,-0.0023682306054979563,-0.001192753785289824,-1.7276965081691742e-05,0.0011581998551264405,0.002333676675334573,0.003509153611958027,0.004684630315750837,0.005860107019543648,0.0070355841889977455,0.008211060427129269,0.009386537596583366,0.010562014766037464,0.011737491004168987,0.012912968173623085,0.014088444411754608,0.015263921581208706,0.016439398750662804,0.017614874988794327,0.018790353089571,0.019965829327702522,0.021141305565834045,0.02231678180396557,0.02349225990474224,0.024667736142873764,0.025843212381005287,0.02701869048178196,0.028194166719913483]},"gradients/policy.backbone.0.bias":{"bins":[-0.013077536597847939,-0.01271586213260889,-0.012354187667369843,-0.01199251413345337,-0.011630839668214321,-0.011269165202975273,-0.0109074916690588,-0.010545817203819752,-0.010184142738580704,-0.009822468273341656,-0.009460793808102608,-0.009099120274186134,-0.008737445808947086,-0.008375771343708038,-0.008014097809791565,-0.007652423344552517,-0.007290748879313469,-0.006929074414074421,-0.00656740041449666,-0.0062057264149188995,-0.0058440519496798515,-0.0054823774844408035,-0.005120703484863043,-0.004759029485285282,-0.004397355020046234,-0.004035680554807186,-0.0036740065552294254,-0.003312332322821021,-0.0029506580904126167,-0.0025889838580042124,-0.002227309625595808,-0.0018656353931874037,-0.001503962092101574,-0.0011422878596931696,-0.0007806136272847652,-0.0004189393948763609,-5.726516246795654e-05,0.0003044090699404478,0.0006660833023488522,0.0010277575347572565,0.0013894317671656609,0.0017511059995740652,0.0021127802319824696,0.002474454464390874,0.0028361286967992783,0.0031978029292076826,0.003559477161616087,0.003921151161193848,0.004282825626432896,0.004644500091671944,0.005006174091249704,0.005367848090827465,0.005729522556066513,0.006091197021305561,0.006452871020883322,0.0068145450204610825,0.0071762194857001305,0.0075378939509391785,0.007899567484855652,0.0082612419500947,0.008622916415333748,0.008984590880572796,0.009346265345811844,0.009707938879728317,0.010069613344967365],"_type":"histogram","values":[1,0,0,0,1,0,1,0,0,0,0,0,0,2,0,2,0,0,0,0,0,0,0,1,0,1,0,0,2,5,1,2,2,8,0,3,5,0,1,2,2,2,5,2,0,1,2,1,1,2,0,2,0,1,0,1,0,1,0,0,0,0,0,1]},"gradients/value_net.head.weight":{"bins":[-0.15254244208335876,-0.14780659973621368,-0.1430707573890686,-0.13833491504192352,-0.13359907269477844,-0.12886323034763336,-0.12412739545106888,-0.1193915531039238,-0.11465571075677872,-0.10991986840963364,-0.10518402606248856,-0.10044818371534348,-0.09571234881877899,-0.09097650647163391,-0.08624066412448883,-0.08150482177734375,-0.07676897943019867,-0.07203313708305359,-0.06729729473590851,-0.06256145238876343,-0.057825613766908646,-0.053089771419763565,-0.04835393279790878,-0.0436180904507637,-0.03888224810361862,-0.03414640575647354,-0.02941056527197361,-0.02467472478747368,-0.019938882440328598,-0.015203041024506092,-0.010467199608683586,-0.00573135819286108,-0.0009955018758773804,0.0037403395399451256,0.008476180955767632,0.013212022371590137,0.017947863787412643,0.022683706134557724,0.027419546619057655,0.03215538710355759,0.03689122945070267,0.04162707179784775,0.04636291414499283,0.05109875276684761,0.05583459511399269,0.06057043746113777,0.06530627608299255,0.07004211843013763,0.07477796077728271,0.0795138031244278,0.08424964547157288,0.08898548781871796,0.09372133016586304,0.09845716506242752,0.1031930074095726,0.10792884975671768,0.11266469210386276,0.11740053445100784,0.12213637679815292,0.1268722116947174,0.1316080540418625,0.13634389638900757,0.14107973873615265,0.14581558108329773,0.1505514234304428],"_type":"histogram",