{"gradients/value_net.head.weight":{"bins":[-0.050079796463251114,-0.0488680824637413,-0.04765636473894119,-0.04644465073943138,-0.04523293673992157,-0.04402121901512146,-0.04280950501561165,-0.04159778729081154,-0.04038607329130173,-0.039174359291791916,-0.037962641566991806,-0.036750927567481995,-0.035539209842681885,-0.03432749584317207,-0.03311578184366226,-0.03190406411886215,-0.03069235011935234,-0.02948063425719738,-0.02826891839504242,-0.027057204395532608,-0.025845488533377647,-0.024633772671222687,-0.023422058671712875,-0.022210342809557915,-0.020998626947402954,-0.019786911085247993,-0.018575195223093033,-0.01736348122358322,-0.01615176536142826,-0.0149400494992733,-0.013728334568440914,-0.012516619637608528,-0.011304901912808418,-0.010093186050653458,-0.008881471119821072,-0.007669755723327398,-0.006458040326833725,-0.005246324930340052,-0.004034609533846378,-0.002822894137352705,-0.0016111787408590317,-0.00039946334436535835,0.000812252052128315,0.0020239674486219883,0.0032356828451156616,0.004447398241609335,0.005659113638103008,0.006870829034596682,0.008082544431090355,0.009294260293245316,0.010505975224077702,0.011717690154910088,0.012929406017065048,0.014141121879220009,0.015352836810052395,0.01656455174088478,0.01777626760303974,0.018987983465194702,0.020199697464704514,0.021411413326859474,0.022623129189014435,0.023834845051169395,0.025046560913324356,0.026258274912834167,0.027469990774989128],"_type":"histogram","values":[1,0,0,0,0,0,1,1,0,0,0,1,1,0,0,4,1,2,0,2,1,0,1,1,0,3,1,3,2,2,2,1,2,2,2,2,0,2,2,3,2,4,3,2,0,0,1,0,0,1,2,0,0,0,0,1,1,0,0,0,0,0,0,1]},"dev/loss/reported":12.119973575367647,"gradients/policy.heads_layers.discrete.weight":{"bins":[-0.2030971199274063,-0.19515244662761688,-0.18720777332782745,-0.17926310002803802,-0.1713184267282486,-0.16337375342845917,-0.15542908012866974,-0.1474844068288803,-0.13953973352909088,-0.13159506022930145,-0.12365038692951202,-0.1157057136297226,-0.10776104032993317,-0.09981636703014374,-0.09187169373035431,-0.08392702043056488,-0.07598234713077545,-0.06803767383098602,-0.060093000531196594,-0.052148327231407166,-0.04420365393161774,-0.03625898063182831,-0.02831430733203888,-0.02036963403224945,-0.012424960732460022,-0.004480287432670593,0.0034643858671188354,0.011409059166908264,0.019353732466697693,0.02729840576648712,0.03524307906627655,0.04318775236606598,0.0511324405670166,0.05907711386680603,0.06702178716659546,0.07496646046638489,0.08291113376617432,0.09085580706596375,0.09880048036575317,0.1067451536655426,0.11468982696533203,0.12263450026512146,0.1305791735649109,0.13852384686470032,0.14646852016448975,0.15441319346427917,0.1623578667640686,0.17030254006385803,0.17824721336364746,0.1861918866634369,0.19413655996322632,0.20208123326301575,0.21002590656280518,0.2179705798625946,0.22591525316238403,0.23385992646217346,0.2418045997619629,0.24974927306175232,0.25769394636154175,0.2656386196613312,0.2735832929611206,0.28152796626091003,0.28947263956069946,0.2974173128604889,0.3053619861602783],"_type":"histogram","values":[1,0,0,0,0,1,2,3,0,4,2,3,4,7,7,7,13,12,14,15,12,7,14,21,10,13,36,43,60,50,55,38,23,21,17,15,17,14,6,13,7,5,6,6,8,3,7,4,0,3,1,2,0,1,1,1,1,1,1,0,0,0,1,1]},"dev/loss/total":13.435625,"train/loss/reported":12.291518267463236,"gradients/value_net.backbone.0.bias":{"bins":[-0.019089071080088615,-0.018412528559565544,-0.017735986039042473,-0.0170594435185194,-0.01638290099799633,-0.01570635847747326,-0.015029816888272762,-0.014353274367749691,-0.01367673184722662,-0.013000189326703548,-0.012323646806180477,-0.011647104285657406,-0.01097056269645691,-0.010294020175933838,-0.009617477655410767,-0.008940935134887695,-0.008264392614364624,-0.007587850093841553,-0.0069113075733184814,-0.0062347655184566975,-0.005558222997933626,-0.004881680477410555,-0.004205138422548771,-0.0035285959020256996,-0.0028520533815026283,-0.002175510860979557,-0.0014989685732871294,-0.0008224261691793799,-0.00014588376507163048,0.000530658639036119,0.0012072010431438684,0.001883743447251618,0.002560283988714218,0.0032368265092372894,0.003913369029760361,0.004589911084622145,0.005266453605145216,0.005942996125668287,0.006619538180530071,0.0072960807010531425,0.007972623221576214,0.008649165742099285,0.009325708262622356,0.010002250783145428,0.010678792372345924,0.011355334892868996,0.012031877413392067,0.012708419933915138,0.01338496245443821,0.01406150497496128,0.014738047495484352,0.015414590016007423,0.016091132536530495,0.016767675057053566,0.017444217577576637,0.01812076009809971,0.01879730075597763,0.019473843276500702,0.020150385797023773,0.020826928317546844,0.021503470838069916,0.022180013358592987,0.02285655587911606,0.02353309839963913,0.0242096409201622],"_type":"histogram","values":[1,0,0,0,0,1,1,0,1,0,1,0,0,3,2,1,0,2,1,2,0,4,2,2,1,2,3,2,4,3,3,3,2,3,2,0,1,1,0,1,0,0,1,1,0,0,0,3,0,1,0,0,0,0,1,0,1,0,0,0,0,0,0,1]},"_timestamp":1.7379355768969407e+09,"gradients/value_net.head.bias":{"values":[1],"bins":[0.06213647499680519,0.06213647499680519],"_type":"histogram"},"gradients/policy.backbone.0.weight":{"bins":[-0.09639663994312286,-0.09378308057785034,-0.09116952121257782,-0.0885559618473053,-0.08594240248203278,-0.08332884311676025,-0.08071528375148773,-0.07810172438621521,-0.07548816502094269,-0.07287460565567017,-0.07026104629039764,-0.06764748692512512,-0.0650339275598526,-0.06242037191987038,-0.059806812554597855,-0.05719325318932533,-0.05457969382405281,-0.05196613445878029,-0.04935257509350777,-0.046739015728235245,-0.04412545636296272,-0.0415118969976902,-0.03889833763241768,-0.03628477826714516,-0.03367122262716293,-0.031057661399245262,-0.02844410203397274,-0.025830542668700218,-0.023216985166072845,-0.020603425800800323,-0.0179898664355278,-0.01537630707025528,-0.012762747704982758,-0.010149188339710236,-0.007535629440099001,-0.004922070540487766,-0.0023085111752152443,0.000305047957226634,0.0029186070896685123,0.005532165989279747,0.008145725354552269,0.010759284719824791,0.013372844085097313,0.015986403450369835,0.018599960952997208,0.02121352031826973,0.02382707968354225,0.026440639048814774,0.029054198414087296,0.03166775777935982,0.03428131714463234,0.03689487650990486,0.03950843587517738,0.042121995240449905,0.04473555460572243,0.04734911397099495,0.04996266961097717,0.052576228976249695,0.05518978834152222,0.05780334770679474,0.06041690707206726,0.06303046643733978,0.0656440258026123,0.06825758516788483,0.07087114453315735],"_type":"histogram","values":[2,0,0,1,0,0,0,0,1,0,0,0,1,0,0,0,3,2,1,0,1,0,1,0,3,2,2,1,4,1,2,2,3,2,3,5,12,23,13,13,4,5,3,4,1,1,1,1,0,1,0,0,1,0,0,0,0,0,0,1,0,0,0,1]},"gradients/value_net.backbone.3.weight":{"values":[1,1,0,0,0,0,0,0,3,1,2,6,1,6,2,3,5,4,8,9,8,16,21,27,25,40,49,69,96,122,182,294,633,1098,440,261,189,134,92,60,50,40,30,17,9,10,6,6,3,4,3,4,1,0,1,2,0,1,0,0,0,0,0,1],