{"train/policy/value_return_correlation":-0.46029700711369514,"dev/loss/total":14.36572021484375,"train/optimization/early_stop_epoch":10,"train/optimization/total_epochs":10,"dev/loss/reported":13.33453369140625,"train/loss/reported":13.475729549632353,"_step":28,"gradients/policy.backbone.3.bias":{"_type":"histogram","values":[1,0,0,0,0,0,0,1,0,0,1,1,0,1,1,2,1,1,2,0,1,0,1,0,1,0,1,0,0,0,0,0,0,0,1,0,1,0,0,2,0,2,0,3,0,0,0,2,0,1,0,1,0,0,1,1,3,2,1,8,10,5,2,2],"bins":[-0.004548122175037861,-0.004463206510990858,-0.004378290846943855,-0.0042933751828968525,-0.00420845951884985,-0.004123543854802847,-0.004038628190755844,-0.003953712526708841,-0.003868797095492482,-0.0037838814314454794,-0.0036989657673984766,-0.003614050103351474,-0.003529134439304471,-0.0034442187752574682,-0.0033593031112104654,-0.0032743874471634626,-0.0031894720159471035,-0.0031045563519001007,-0.003019640687853098,-0.002934725023806095,-0.0028498093597590923,-0.0027648936957120895,-0.0026799780316650867,-0.002595062367618084,-0.002510146703571081,-0.0024252310395240784,-0.0023403153754770756,-0.0022553999442607164,-0.0021704842802137136,-0.002085568616166711,-0.002000652952119708,-0.0019157372880727053,-0.0018308217404410243,-0.0017459060763940215,-0.0016609904123470187,-0.0015760748647153378,-0.001491159200668335,-0.0014062435366213322,-0.0013213278725743294,-0.0012364122085273266,-0.0011514965444803238,-0.0010665809968486428,-0.00098166533280164,-0.0008967496687546372,-0.0008118340047076344,-0.0007269183988682926,-0.0006420027348212898,-0.0005570871289819479,-0.0004721714649349451,-0.00038725582999177277,-0.00030234019504860044,-0.00021742453100159764,-0.0001325088960584253,-4.759325383929536e-05,3.732238837983459e-05,0.00012223803787492216,0.0002071536728180945,0.00029206930776126683,0.00037698494270443916,0.00046190060675144196,0.0005468162707984447,0.0006317318766377866,0.0007166475406847894,0.0008015631465241313,0.0008864788105711341]},"train/policy/approx_kl":0.0014981078857090324,"gradients/value_net.backbone.3.bias":{"values":[1,0,0,0,0,0,0,0,2,1,2,0,1,0,1,1,2,2,2,7,6,5,9,4,2,4,1,1,4,0,0,0,0,2,0,1,0,0,1,0,0,0,0,0,0,0,0,0,0,0,0,0,0,0,0,0,1,0,0,0,0,0,0,1],"bins":[-0.01679418981075287,-0.016059989109635353,-0.015325789339840412,-0.014591589570045471,-0.013857388868927956,-0.01312318816781044,-0.012388988398015499,-0.011654788628220558,-0.010920587927103043,-0.010186387225985527,-0.009452187456190586,-0.008717987686395645,-0.00798378698527813,-0.007249586749821901,-0.006515386514365673,-0.005781186278909445,-0.0050469860434532166,-0.004312785807996988,-0.00357858557254076,-0.002844385337084532,-0.0021101851016283035,-0.0013759848661720753,-0.000641784630715847,9.241560474038124e-05,0.0008266158401966095,0.0015608160756528378,0.002295016311109066,0.0030292165465652943,0.0037634167820215225,0.004497617017477751,0.005231817252933979,0.005966017488390207,0.006700219586491585,0.007434419821947813,0.008168620057404041,0.008902819827198982,0.009637020528316498,0.010371221229434013,0.011105420999228954,0.011839620769023895,0.01257382147014141,0.013308022171258926,0.014042221941053867,0.014776421710848808,0.015510622411966324,0.01624482311308384,0.016979023814201355,0.01771322265267372,0.018447423353791237,0.019181624054908752,0.01991582289338112,0.020650023594498634,0.02138422429561615,0.022118424996733665,0.02285262569785118,0.023586824536323547,0.024321025237441063,0.02505522593855858,0.025789424777030945,0.02652362547814846,0.027257826179265976,0.02799202688038349,0.028726227581501007,0.029460426419973373,0.03019462712109089],"_type":"histogram"},"gradients/value_net.backbone.0.bias":{"_type":"histogram","values":[1,0,0,1,1,0,0,0,1,1,0,1,2,0,1,4,0,2,3,3,3,3,4,1,3,2,1,5,2,1,2,2,1,3,2,2,0,0,1,2,0,0,0,0,0,0,0,1,0,0,0,0,0,0,0,0,0,1,0,0,0,0,0,1],"bins":[-0.023132316768169403,-0.022200793027877808,-0.02126927115023136,-0.020337747409939766,-0.01940622366964817,-0.018474701792001724,-0.01754317805171013,-0.016611654311418533,-0.015680130571126938,-0.014748608693480492,-0.013817084953188896,-0.012885562144219875,-0.011954039335250854,-0.011022515594959259,-0.010090992785990238,-0.009159469045698643,-0.008227946236729622,-0.007296422962099314,-0.006364899687469006,-0.005433376878499985,-0.004501853603869677,-0.0035703303292393684,-0.002638807287439704,-0.0017072841292247176,-0.0007757609710097313,0.00015576218720525503,0.0010872853454202414,0.002018808387219906,0.002950331661850214,0.003881854936480522,0.004813377745449543,0.005744901020079851,0.006676424294710159,0.0076079475693404675,0.008539470843970776,0.009470993652939796,0.010402517393231392,0.011334040202200413,0.012265563011169434,0.013197086751461029,0.01412860956043005,0.01506013236939907,0.015991656109690666,0.01692317984998226,0.017854701727628708,0.018786225467920303,0.0197177492082119,0.020649271085858345,0.02158079482614994,0.022512318566441536,0.023443840444087982,0.024375364184379578,0.025306887924671173,0.02623840980231762,0.027169933542609215,0.02810145728290081,0.029032979160547256,0.029964502900838852,0.030896026641130447,0.03182755038142204,0.03275907412171364,0.033690594136714935,0.03462211787700653,0.035553641617298126,0.03648516535758972]},"train/loss/policy":0.25252937991172075,"train/policy/state_value_correlation":-0.9456191435456276,"train/loss/value":9.375787454843522,"gradients/policy.backbone.3.weight":{"_type":"histogram","values":[1,0,0,0,0,0,0,0,0,0,0,0,1,0,2,0,0,0,3,0,2,2,6,12,6,6,3,4,6,23,29,20,10,12,10,24,49,38,52,56,32,31,52,65,71,81,81,61,142,111,171,178,523,1086,510,214,142,70,35,26,20,12,3,2],"bins":[-0.06671609729528427,-0.06546066701412201,-0.06420523673295975,-0.06294981390237808,-0.06169438362121582,-0.06043895334005356,-0.059183523058891296,-0.05792809650301933,-0.05667266622185707,-0.05541723594069481,-0.054161809384822845,-0.052906379103660583,-0.05165094882249832,-0.05039552226662636,-0.049140091985464096,-0.04788466542959213,-0.04662923514842987,-0.04537380486726761,-0.044118378311395645,-0.04286294803023338,-0.04160752147436142,-0.04035209119319916,-0.039096660912036896,-0.03784123435616493,-0.03658580407500267,-0.03533037379384041,-0.034074947237968445,-0.03281951695680618,-0.03156408667564392,-0.030308660119771957,-0.029053229838609695,-0.027797801420092583,-0.02654237300157547,-0.025286942720413208,-0.024031514301896095,-0.022776085883378983,-0.02152065560221672,-0.020265227183699608,-0.019009798765182495,-0.017754370346665382,-0.01649894192814827,-0.015243511646986008,-0.013988083228468895,-0.012732654809951782,-0.011477225460112095,-0.010221796110272408,-0.008966367691755295,-0.007710938807576895,-0.006455509923398495,-0.005200081039220095,-0.003944652155041695,-0.0026892232708632946,-0.0014337943866848946,-0.00017836550250649452,0.0010770633816719055,0.0023324922658503056,0.0035879211500287056,0.004843350034207106,0.006098778918385506,0.007354207802563906,0.008609636686742306,0.009865066036581993,0.011120494455099106,0.012375922873616219,0.013631352223455906]},